program_name,active listen,goal,decision,accountability,decision make,creativity,curiosity,analytical,communication,optimism,detail,diverse,commitment,coordination,enthusiasm,strategic think,problem solve,critical think,integrity,presentation,initiative,passion,leadership,flexibility,conceptual,ethic,argumentation,adaptive,mentor,impartiality,motivate,emotional intelligence,self confidence,oral communication,coach,negotiation,eagerness,speak,influence,kindness,hospitality,conflict management,social skill,persuasion,interpersonal communication,self organize
Biological Engineering,0.012972801231590822,0.011719764462726236,0.009882428545228217,0.01150905375947976,0.00922819786985144,0.006759858375860646,0.005848260005237497,0.006771755263376769,0.006349603978872513,0.005027528474954829,0.006326134396805888,0.005230239974370334,0.005141930905313279,0.006021679915937125,0.005014985362672452,0.004163102670407308,0.0045387778308443455,0.0051616680683152505,0.004875886442845445,0.005000822722081924,0.004833407608819502,0.0034454936035055264,0.003664039483543526,0.0034238779658445654,0.0023507677794614547,0.0032342481750119337,0.0027094532967819342,0.0023668725814058418,0.0014774094919067665,0.0013316179353646878,0.001384247914134042,0.0013343195585952296,0.0012506371598141658,0.0014956777606109557,0.0006619138719887728,0.001238812921815034,0.0008660984000698205,0.0009301824075087357,0.0005831560495437044,0.0006624752441921767,0.0002276164686099745,0.00018743228951817895,0.0001339257490589249,3.606534975500873e-05,1.568718368973665e-05,0.0
Biomedical Engineering,0.013086081125110085,0.01143472117504178,0.010586638704698285,0.011904874613008124,0.010007511212942409,0.007447582154311835,0.006043209260459202,0.007150185870337812,0.0064949701124873355,0.005091323403685858,0.006329631499010511,0.005364123500277927,0.005136180209118414,0.006179630225346163,0.005226284214690727,0.004224976456081722,0.0050707801483053806,0.005307535750657822,0.0049438744307040245,0.004830893705928282,0.004830876667476609,0.0038657007341169336,0.004065427378606295,0.00342020185251489,0.00279751130201867,0.0034243289990541393,0.002580781546834712,0.0023228484464616925,0.001520166609470437,0.0015586419293274457,0.001490222298481568,0.0013893140695362873,0.0012289767659121105,0.0015889170041247353,0.0007985429937487836,0.0013109673537585742,0.0008648924848951022,0.001006873033642154,0.0006231379255654106,0.0007731771863991036,0.00019730259718394287,0.00022772639761454202,0.00014561977638151644,4.00470901492697e-05,2.524780537112214e-05,0.0
Computer Engineering,0.01527262857476893,0.011596296063147228,0.012185451201755555,0.010739338336850526,0.011307808160370561,0.009793995825375974,0.006851477847689917,0.006581262997516033,0.006000395752705441,0.006648827863567931,0.005333403428532382,0.00631228016678928,0.005996165098982687,0.004576897979843575,0.005814355173029098,0.006652847809784837,0.006080250997208971,0.0053972603491469415,0.0054975021900375886,0.004768133134319671,0.004305859645230806,0.005883478580057653,0.003875403370557807,0.00392867541726,0.004575720040150174,0.0032196914322887623,0.0026887249630494388,0.002555570993335063,0.00277512009452576,0.0024838396601741834,0.0015533237488387797,0.0015709403676838428,0.0014274414097865905,0.001181457291055317,0.0018695110337527334,0.0010560345752000202,0.0014671311045880847,0.0012269374557247507,0.0009430174704730402,0.000672587900491647,0.0009402541987492011,0.00012202462698976571,8.296987706163489e-05,7.846135177888267e-05,5.1229061887763855e-05,2.8541274748763566e-05
Computer Science,0.01622569948066762,0.011824760382286578,0.012226633464007387,0.010684423651050665,0.011230403731728475,0.010322521485700774,0.007227091511211641,0.007268711526787545,0.006034135977932623,0.007202330277577682,0.005158967965843046,0.00652525229886232,0.006282086642571787,0.004060963348856062,0.006073164469756596,0.0075705660650159,0.006528602151319101,0.00561015204110064,0.0056840921577387404,0.004892977042087314,0.004269677854072073,0.006428459502994828,0.003674113907522634,0.004158670968093768,0.004903839172370679,0.0031044469500074484,0.0026405481128742156,0.0026798424670996072,0.0030255115222810234,0.002747391524274947,0.0016569064199194552,0.0014904766438079283,0.001645537817297716,0.001158879537790323,0.0020962295233237613,0.000964026558336173,0.0015697319739690842,0.0012801145860769332,0.0011135072320081995,0.000666548018910034,0.001116507985109103,0.00013026489345020718,6.667083392766157e-05,9.028263048943994e-05,4.4510560221452635e-05,3.4415260373759454e-05
Engineering Systems & Computing,0.014963916249697727,0.011527536693376665,0.01216472542789471,0.010786045284372445,0.011318735752711218,0.009655954173967977,0.006717423873239262,0.006362559825778989,0.0059670744844051524,0.006473846540882947,0.005509270410715406,0.0062042856216411426,0.005879321241123776,0.004730055098592843,0.0057733764096363485,0.006332175114544818,0.006174221144126015,0.005389509513256298,0.00542689979575911,0.004665224629242164,0.004426698174577351,0.005721930597780745,0.003807060786446374,0.0039045068218475326,0.004575703727648322,0.0032101194966705736,0.0027286193000086237,0.002656407289218982,0.0026913841670776224,0.0023634926132333027,0.0016107289885374427,0.001531152415030894,0.0014496264197638837,0.0011889568329801015,0.001778932625796556,0.0010146315512693973,0.001433287810383437,0.0012085725252477882,0.0009195211669352772,0.0006976943696484321,0.0008808304686042671,0.00012485496982921383,8.234314272858026e-05,6.614218594904103e-05,6.432725327131466e-05,2.643052824456154e-05
Environmental Engineering,0.013425896760695086,0.012819811377003134,0.010764232045342131,0.011233478868067408,0.010013010449370507,0.006301392657255112,0.006122301348280928,0.005646132351144389,0.006162813046186329,0.005394671707096246,0.006441792574079173,0.005466936113407398,0.005299837229046604,0.006664727687748082,0.005189833949077072,0.004150173266054403,0.004325439186165543,0.005136915581870365,0.004825954872128635,0.005151251348706601,0.005056437266620868,0.0028885530963702784,0.003675115985531537,0.0033492883405283405,0.0021417188221655886,0.0032078268721241754,0.002962172110054095,0.002578043723681048,0.001504607348548688,0.0013083326622263102,0.0015507924516361174,0.0014196473255893448,0.0013103530875407936,0.0014534682024521057,0.0006431707882311306,0.0012560761833993583,0.0007992417298053954,0.000999355243745676,0.0005621273185006347,0.00053546411849413,0.0002586877052184368,0.00021283381545067964,0.00013584878702243276,3.253738626843095e-05,4.4380068163641505e-05,0.0
Mechanical Engineering,0.013574695977446314,0.01225346599752004,0.012417466995961428,0.011896496895706052,0.011759517489951032,0.007987336826834508,0.006039369517720774,0.005189103461903424,0.0064593676842649795,0.0055570350554157485,0.006807048153210352,0.005724046469081988,0.00543461747890822,0.007012682234428671,0.0053356810385768,0.004065780194736559,0.005485191863978346,0.00534195555016835,0.00528680837607673,0.004662483178243372,0.005131497886653556,0.003763492788373192,0.004238022866018088,0.003587883625954459,0.0038067707969093078,0.0035420556713373717,0.0029068761781176093,0.002611027523794672,0.0017829151351173265,0.0014873390595907686,0.0016845556316342793,0.0018026550219115913,0.0012229765489821431,0.0015018196404027325,0.000813836505675932,0.0013730316595146476,0.0010856093101485125,0.0010712488553909333,0.0005984140093557037,0.0007552837917618593,0.0002831967960514693,0.00024276917607810782,0.00010722711355447403,5.356651354951492e-05,6.982472256517726e-05,1.0257467334543836e-05
Software Engineering,0.016146099358127584,0.011836707343179096,0.012426609063773733,0.010692022235692442,0.01145577408132147,0.010390779094285102,0.007200124396327782,0.007228647642402078,0.006234003222320572,0.0072950819122348685,0.005158754066525855,0.006547448606098638,0.006310441515430904,0.00407393870016131,0.0061202137942984805,0.007544498208174376,0.006385654774427345,0.00560094964632242,0.0056918116123687995,0.0049042683086712785,0.004279431474989352,0.006461288747359487,0.0036769594300186583,0.004178559718233287,0.0049230942552862785,0.0031041886849556615,0.0026525045903436667,0.0026949033118927736,0.003036781990356003,0.002752786137369771,0.0015817988448496264,0.0015548050104342785,0.0016176453248825495,0.001184477203196863,0.002111516071550924,0.0009812989196857174,0.0015747105742245234,0.0012996837416457204,0.0011200167393295229,0.000667704280234145,0.0011249354729063056,0.0001275069951103389,6.730583838447119e-05,8.365442272127608e-05,3.43989390559309e-05,3.4739481293844284e-05
Water Resources Engineering,0.013414183578644634,0.01287102683684513,0.010875893365810902,0.011260586360715277,0.01008124557181777,0.0063387826288036336,0.006132337811219422,0.005576606512414916,0.006179330157979709,0.00532967463023083,0.006457483224624938,0.005466685981096168,0.005274519564076726,0.006754473066311851,0.005174846573321038,0.004102905422873199,0.00412504739863441,0.005200451479044766,0.004795427434262585,0.005190412019333515,0.0050914719086648215,0.0028720350411214,0.0037274241029394673,0.0033609526398734385,0.0021362730866822882,0.0032433241244932648,0.0029900640561914688,0.002470856503817965,0.0015135880878910447,0.0013338099315503716,0.0016002151854618424,0.0013747855653450103,0.001296638515475394,0.0015243728388628025,0.0006520991531924722,0.00131968459527101,0.0007947105331065398,0.0010124556612342928,0.0005687728019242702,0.0005277070778215995,0.0002400541459786097,0.0002160092780223502,0.00014001547570222542,2.9761042570368487e-05,3.248532664920677e-05,0.0
