program_name,,active listen,goal,accountability,decision,decision make,creativity,curiosity,analytical,diverse,commitment,communication,detail,strategic think,optimism,critical think,enthusiasm,integrity,problem solve,passion,coordination,presentation,initiative,leadership,flexibility,conceptual,ethic,argumentation,adaptive,mentor,impartiality,motivate,self confidence,coach,emotional intelligence,oral communication,eagerness,speak,negotiation,influence,hospitality,kindness,conflict management,social skill,persuasion,interpersonal communication,self organize
Biological Engineering,term_count,10454,9130,9378,6658,5991,3742,3184,3484,2811,2934,3227,3662,1970,2602,2650,2462,2363,1903,1493,3024,2564,2271,1590,1446,857,1396,1027,913,468,414,397,362,191,389,437,217,249,368,147,52,172,34,23,7,2,0
Biomedical Engineering,term_count,8070,6628,7357,5496,5008,3286,2517,2846,2167,2226,2531,2782,1484,1928,2113,1900,1889,1756,1314,2295,1868,1680,1348,1068,815,1142,700,649,373,367,333,273,179,296,352,166,207,301,120,37,158,31,18,6,2,0
Computer Engineering,term_count,17743,12313,11673,12501,11057,9094,5517,5028,5221,5007,4085,3692,4950,4234,4149,4173,4053,4155,4344,2599,3214,2711,2470,2498,2887,1904,1346,1331,1459,1185,633,645,816,611,436,580,501,404,365,350,249,29,17,19,10,7
Computer Science,term_count,15517,10286,9589,10254,8922,8102,4824,4724,4497,4320,3368,2903,4879,3801,3614,3613,3431,3770,4050,1820,2716,2215,1919,2197,2583,1485,1096,1161,1333,1087,556,636,741,462,353,519,441,291,365,349,203,25,13,18,7,7
Engineering Systems & Computing,term_count,18851,13244,12688,13517,12007,9692,5847,5217,5537,5317,4396,4152,5038,4517,4508,4510,4335,4601,4534,2944,3405,3009,2604,2666,3111,2062,1487,1499,1526,1208,695,711,835,644,502,620,537,425,386,354,280,32,18,17,13,7
Environmental Engineering,term_count,8071,7675,6621,5447,4869,2511,2506,2053,2240,2222,2371,2635,1463,2145,1940,1984,1741,1358,917,2604,1940,1830,1217,1098,566,1030,826,760,356,311,344,281,146,313,317,155,203,291,108,44,99,29,17,4,4,0
Mechanical Engineering,term_count,7846,6643,6823,6304,5773,3329,2337,1809,2217,2238,2372,2544,1319,1940,1955,1797,1900,1799,1155,2512,1592,1657,1320,1064,1078,1085,740,668,431,343,357,265,179,388,313,213,203,303,117,53,142,30,11,7,6,1
Software Engineering,term_count,15212,10162,9489,10374,9079,8121,4744,4643,4473,4299,3473,2863,4792,3816,3565,3606,3407,3571,4039,1798,2700,2203,1900,2186,2563,1473,1091,1159,1323,1078,515,618,739,489,363,516,443,286,364,349,201,24,13,17,5,7
Water Resources Engineering,term_count,7802,7462,6405,5331,4753,2418,2422,1958,2164,2136,2283,2563,1406,2041,1904,1896,1661,1216,879,2559,1892,1775,1195,1072,547,1010,808,708,345,302,340,267,143,304,320,147,199,307,105,40,94,28,17,4,3,0
