program_name,accountability,active listening,adaptive,analytical,argumentation,coaching,commitment,communication,conceptual,conflict management,creativity,critical thinking,curiosity,decision,decision making,detail,diverse,eagerness,enthusiasm,ethic,flexibility,goal,hospitality,impartiality,influence,initiative,integrity,interpersonal communication,kindness,leadership,mentoring,motivated,negotiation,optimism,oral communication,passion,persuasion,presentation,problem solving,social skills,speaking,strategic thinking
Biological Engineering,13544.315831268188,12094.709187145198,3083.7741724990246,8056.405902096096,3351.566604464154,1031.4285122370982,6926.66403706209,10546.459286949894,2977.967480576649,221.31920344535123,10126.777757579375,7826.182009857452,7261.9601699731365,9354.977408325527,8022.747635376645,6851.28340527393,6938.377590987881,1021.6685767876501,7067.986510723935,4208.400973476256,4271.542237850381,14477.113497993743,323.1586174131811,164.30065375798048,777.6284291763615,5911.631029418909,6436.29185900533,77.62151305123345,863.1943268388536,4785.923054432623,1828.3165618353148,286.9135624801555,2194.2686573511805,4916.650172341845,4170.824123689159,4484.4798298814985,0.0,6448.970413762355,7399.3000795854605,134.31107836670466,1134.798070646251,3452.496426251961
Biomedical Engineering,10595.879238189316,0.0,2243.6821722199593,6471.126407719338,2377.0525628569035,928.992720069782,5242.266362192054,8207.362032677278,2704.8183243148424,196.39373985297067,8460.25173719979,6138.003260515214,5684.150718860562,7321.823102519979,6405.4583614040375,5276.5834118568855,5366.81573242967,782.4279687191816,5499.938405029376,3369.918284165342,3200.1587387945824,10778.989375425761,232.16232043020847,146.64151958745447,628.0376037581304,4442.02326779407,5029.1858112610325,0.0,765.9724273760568,3953.0073248771614,1402.8884847255017,129.30042563974777,1807.752783221444,3704.044823676564,3311.965106147521,3781.0358924770444,0.0,4723.5273542499,6127.481202070437,117.48098328595734,927.5562962004916,2104.0619677922828
Computer Engineering,16978.868104349378,0.0,4335.484031817822,11232.239943651914,4411.323284153482,3453.593982930354,10374.390351825232,15788.254709612536,7449.573647857545,203.48688968586546,20044.083448697267,12421.35955360874,11950.377546469184,12387.8020181987,9751.000512539742,7770.705524661859,10728.012397538876,2335.4442811846525,10545.994937584155,5542.133853215839,6595.553607300678,19363.821343188923,1633.5127437557996,0.0,1693.6858620017117,7063.6826760072745,9712.342126860289,223.94676614972553,1206.2969400710676,6954.132329600876,4214.899056671062,616.4052457891152,2371.1082027947305,8749.178415365106,4709.691664320769,9914.494182565597,0.0,8431.141756370847,14965.802933375537,99.75639486672178,2183.56148536459,5594.234527929702
Computer Science,13843.877184322373,0.0,3722.7313672380283,10166.234423692364,3601.8544168982335,3055.751391899138,8766.533659987723,13357.727259397185,6437.1051184517255,174.5435884446178,17502.711598690643,10619.26408647529,10308.316868332246,9592.054038262628,7063.510114705247,6232.957361012911,9064.550670548602,2052.086010883521,8858.982400812456,4385.637238016501,5636.459607782657,16286.779054720073,1559.4239669278816,0.0,1618.401815973402,5755.966639230567,8244.886855127692,206.1965573783382,992.0202343690801,5414.453419182909,3669.5575744918697,577.5005144735873,1657.3712427176047,7795.870986544869,3740.587466709537,8739.674752512823,70.33187394647832,7087.531487727745,12925.859599461297,63.3601054110211,1901.1748303110855,5347.0473182175965
Engineering Systems & Computing,18396.401182230013,0.0,4817.941413556895,11792.566425495059,4847.792035140958,3577.3966610222437,11112.034715004593,16904.224147629666,8054.933910591792,223.75085651195306,21417.142018824936,13379.812270793718,12733.568388502497,13660.704037658856,10888.219479297459,8643.418153485904,11492.81966677598,2502.0530163145772,11405.98858456693,6010.0636071551235,7073.383539644452,20816.086791038088,1677.0466222416587,0.0,1790.3870425569457,7803.084968998291,10404.148561919077,226.61268706046914,1349.952132335209,7385.369018439656,4461.093734735537,648.5579966178561,2705.996883319689,9195.708512165298,5085.931266935037,10498.267070927926,0.0,8962.274849156407,16084.032560045056,107.59506025181862,2323.4607677206245,5805.437288047599
Environmental Engineering,9826.892012331915,9387.329760256069,2494.680791792825,5040.975515004949,2648.954885339929,782.403089789272,5258.3312227392125,8008.9992479277225,2036.9341100496536,184.9635177024398,7068.1327970024195,5848.367649205184,5669.977436834445,7754.321274538274,6607.168204169566,4909.402424146264,5247.820556786804,734.0528128930199,5541.353399260563,3111.789868155303,3243.2610686112357,11371.333705168061,270.2331964861171,0.0,565.8972800799348,4611.844466281529,4736.036159594891,87.53211679729255,520.4886527788208,3694.3021559077656,1397.8852638594806,325.5081684946409,1764.4780370597618,4037.66910414671,3061.85219384134,2979.5234486989248,0.0,4954.310392286796,5702.3407980393695,92.82250102597926,905.1483346355604,2853.62277894809
Mechanical Engineering,9781.854507136606,0.0,2224.6850984681832,4489.744433096046,2445.2183977484765,914.3627410484787,5119.769696640033,7753.586034852848,3197.5062602404173,190.13094969815674,8393.799843857178,5781.521254813156,5369.426992921638,7869.416919700866,6940.369876770509,4945.543206562569,5125.932209329233,938.5156821854301,5350.510412824967,3155.2032952623763,3133.937064984654,10230.068979771366,314.40836040367725,0.0,612.4884137039513,4295.148681722681,4776.036647796738,0.0,685.7814718243374,3851.256347941962,1536.1559194728127,167.51952981217258,1882.6586780879693,3795.3704785766163,2937.500817319958,3424.195950455728,0.0,4240.980551093134,6492.721238091321,73.41000432135672,892.1562091407008,1656.757970213268
Software Engineering,13692.431459539379,0.0,3707.770442356126,9998.926228450331,3580.0149576238446,3045.6070186168135,8704.50207319762,13231.593275574152,6381.048361586217,168.3797882433981,17344.54245078465,10545.485946941395,10165.125284059857,9473.770217889636,6961.595080226484,6155.330362103449,8994.094664353877,2038.1421966038167,8794.106757942714,4347.516284541523,5595.925761319625,16124.557832711202,1555.804561143215,0.0,1608.1715425952998,5713.928630439725,8176.254443210719,205.87506288170565,989.8942223752284,5353.061733190566,3638.0749874885905,576.421952291335,1645.897348420149,7735.924382138168,3702.986743843734,8685.316078055715,70.23853683455275,7040.097916850825,12826.753069085533,63.27713908930951,1884.4535846839399,5275.256554466764
Water Resources Engineering,9523.212720507714,9080.067970923457,2343.768146211243,4822.767668290774,2584.257307439114,769.9522485219568,5078.525730216939,7747.842567319205,1970.3389642621282,178.61932268759674,6823.973485589362,5690.7966998594,5479.90728991405,7542.484755972467,6424.559100485638,4762.854696811206,5084.006451721254,699.1503408614203,5347.349441909844,3042.0853515162185,3157.334071117018,11005.920926535315,246.52153664349584,0.0,549.0637416341413,4472.327871489077,4528.873573291368,93.36090396206558,496.38102817355815,3620.1501694995186,1352.313717007505,317.6665021304901,1718.4673276434808,3786.0146085626398,2961.1843534665395,2870.6956226720745,0.0,4828.6119925145,5494.46435780618,92.39750032406717,877.825042314118,2771.410206972788
